id;text
869124888853979136;feeling saffron 's surprise ruined amazon : ( ( (
868799590564220928;WEBSITE : //t.co/rYJPzaguMv TRAILER : //t.co/mStsOWdfNU AMAZON : //t.co/t3EG8ScQre # ASMSG # RRBC # IAN1 : //t.co/ccVHPCPPcj
869124872785584128;IT 's A Baby GIRL ! FULL SILICONE Bathable Life Like Reborn Pacifier Doll SiliB ... : //t.co/o0mm67bCB7 via @ amazon
869125142282194944;The First Omega : A First Time Gay Mpreg Romance : //t.co/yZBvbg1DAD via @ amazon
869086233573642241;Damn , tekken 7 Xbox one sell low numbers . PS4 , version top 10 Amazon atm , sight X1 version . Not shocked
869124881216151552;@ Rachael_Swindon Ahh ... Victorian Values , next ca get orphan kids go work amazon sorting centre
868971256191766528;Only 1,000 followers away posting first video , unboxing Amazon haul ! Will post reaching 5k : //t.co/6cNeQbXpll
869109327885422592;Support young g : //t.co/mRB3bVCqG8 : //t.co/kZ7EEYNtqh
869125135629918208;Dried seafood small-sized abalone 750 gram South China Sea Nanhai JOHN ... : //t.co/XklDnXvque ?? @ AmazonUK
